学号, 姓名, 图片
1, 毛泽东, mzd.jpg
2, 毛泽东, mzd.jpg
3, 毛泽东, mzd.jpg
4, 毛泽东, mzd.jpg
5, 毛泽东, mzd.jpg
6, 毛泽东, mzd.jpg
7, 毛泽东, mzd.jpg
8, 毛泽东, mzd.jpg
9, 毛泽东, mzd.jpg
10, 毛泽东, mzd.jpg
11, 毛泽东, mzd.jpg
12, 毛泽东, mzd.jpg
13, 毛泽东, mzd.jpg
14, 毛泽东, mzd.jpg
15, 毛泽东, mzd.jpg
16, 毛泽东, mzd.jpg
17, 毛泽东, mzd.jpg
18, 毛泽东, mzd.jpg
19, 毛泽东, mzd.jpg
20, 毛泽东, mzd.jpg
21, 毛泽东, mzd.jpg
22, 毛泽东, mzd.jpg
23, 毛泽东, mzd.jpg
24, 毛泽东, mzd.jpg
25, 毛泽东, mzd.jpg
26, 毛泽东, mzd.jpg
27, 毛泽东, mzd.jpg
28, 毛泽东, mzd.jpg
29, 毛泽东, mzd.jpg
30, 毛泽东, mzd.jpg
31, 毛泽东, mzd.jpg
32, 毛泽东, mzd.jpg
33, 毛泽东, mzd.jpg
34, 毛泽东, mzd.jpg
35, 毛泽东, mzd.jpg
36, 毛泽东, mzd.jpg
37, 毛泽东, mzd.jpg
38, 毛泽东, mzd.jpg
39, 毛泽东, mzd.jpg
40, 毛泽东, mzd.jpg
41, 毛泽东, mzd.jpg
42, 毛泽东, mzd.jpg
43, 毛泽东, mzd.jpg
44, 毛泽东, mzd.jpg
45, 毛泽东, mzd.jpg
46, 毛泽东, mzd.jpg
47, 毛泽东, mzd.jpg
48, 毛泽东, mzd.jpg
49, 毛泽东, mzd.jpg
50, 毛泽东, mzd.jpg
51, 毛泽东, mzd.jpg
52, 毛泽东, mzd.jpg
53, 毛泽东, mzd.jpg
54, 毛泽东, mzd.jpg
